accountId,username,password,firstName,lastName,publickey
1,begar5,123456,Beret,Egar,0x061E17F6191e596863244cd33076E45663fe0dd1
2,maria,123456,Marianna,Heyburn,0x7cDd2EFdeD0970a9203c54a4bB59d2c1ee570E2F
3,bazell,123456,Alidia,Bazelle,0x9744E1fdFbF28b82d8032F16691Cb067009246E6
4,susan,123456,Susanetta,MacRury,0xEb0aF93D3D730387f82dFb38Fe78c2D6bb52A97e
5,damaris,123456,Damaris,Mazdon,0xeDf25a07a339e3a3a816Af11b8C93Ce36B396E9E
6,halley,123456,Halley,Steedman,0x2B5f10c885bCCC42bFB6a212c8Dd37d796737C46
7,alika,123456,Alika,Odde,0x7BAc1775f697858217c1d211F0B8801657Fb90F0
8,addia,123456,Addia,Schaffel,0x2110eb3E23a32003Df020f15c1FD6752bBaF86b2
9,kit,123456,Kit,Sherman,0x00d6D4fC3d2525b5BcE4fe1fD5E00168710Aa97a
10,rhianna,123456,Rhianna,Champken,0x0369Cd11DC9473ffe8d0264Dba4356F5959C7908
